,게시일자,조회수,주소,해시태그
0,2021-08-16,449,,"['#제주분식', '#제주분식⠀간편하게', '#모당모당', '#돔베라면돔베김밥', '#제주맛집', '#제주도맛집', '#제주시맛집', '#제주공항근처맛집', '#제주공항맛집', '#제주맛집추천', '#제주도맛집추천', '#제주현지인맛집', '#제주가볼만한곳', '#제주도먹거리', '#제주여행', '#제주도여행', '#애월맛집', '#제주연동맛집', '#제주해물라면']"
1,2021-08-18,0,,"['#애월맛집', '#제주도맛집', '#제주맛집', '#애월스시', '#제주스시', '#애월횟집', '#제주횟집', '#애월초밥', '#제주초밥', '#제주핫플', '#애월핫플', '#한라봉스시', '#협재맛집', '#한림맛집', '#애월카페']"
2,2021-08-18,0,,"['#연돈', '#제주도연돈', '#테이블링', '#등심까스', '#수제볼카츠', '#아토짱_제주', '#제주도맛집', '#제주맛집', '#제주도가볼만한곳', '#서귀포맛집', '#색달동맛집', '#제주도핫플', '#제주서귀포맛집', '#제주도맛집추천', '#제주도돈까스', '#제주도핫플', '#제주도점심']"
3,2021-08-18,96,,"['#섭지코지한끼🍱오픈', '#섭지코지맛집', '#섭지코지', '#섭지코지카페', '#스누피가든', '#성산일출봉', '#제주핫플', '#제주맛집', '#제주도맛집', '#제주도돈까스', '#비자림맛집', '#제주데이트코스', '#제주혼자여행', '#제주도혼자여행', '#제주혼술하기좋은곳', '#제주혼밥', '#제주도혼밥', '#제주술집', '#성산돈까스', '#제주혼술', '#제주도혼술', '#서귀포혼술', '#제주아쿠아플라넷', '#아쿠아플라넷제주']"
4,2021-08-18,225,,"['#애월맛집', '#애월카페', '#애월읍맛집', '#제주애월맛집', '#제주도맛집', '#제주맛집', '#제주도카페', '#제주카페', '#외도맛집', '#하귀맛집', '#한림맛집', '#한림카페', '#애월해안도로맛집', '#애월가볼만한곳', '#제주공항맛집', '#제주공항근처맛집', '#제주도', '#제주여행']"
5,2021-08-17,841,,"['#애월맛집', '#애월카페', '#애월읍맛집', '#제주애월맛집', '#제주도맛집', '#제주맛집', '#제주도카페', '#제주카페', '#외도맛집', '#하귀맛집', '#한림맛집', '#한림카페', '#애월해안도로맛집', '#애월가볼만한곳', '#제주공항맛집', '#제주공항근처맛집', '#제주도', '#비자림']"
6,2021-08-19,0,,['#안녕하샌']
7,2021-08-17,0,,"['#문도지오름방목된', '#제주맛집', '#제주도맛집', '#제주공항근처맛집', '#제주시맛집', '#애월맛집', '#중문맛집', '#제주공항맛집', '#서귀포맛집', '#산방산맛집', '#신제주맛집', '#제주시청맛집', '#제주애월맛집', '#월정리맛집', '#제주여행', '#제주핫플']"
8,2021-08-18,99,,"['#우도', '#산도롱맨도롱', '#갈비국수', '#제주맛집', '#제주도맛집', '#성산맛집', '#성산일출봉맛집', '#우도맛집', '#우도', '#종달리맛집', '#스누피가든', '#광치기해변', '#광치기해변맛집', '#제주흑돼지맛집', '#제주도흑돼지맛집', '#제주고기국수맛집', '#제주고기국수', '#제주아침식사', '#월정리맛집']"
9,2021-08-19,0,,"['#서귀포맛집', '#서귀포흑돼지', '#서귀포고깃집', '#제주도고깃집', '#제주도흑돼지', '#서귀포흑돼지맛집', '#중문흑돼지맛집', '#올레시장맛집', '#제주서귀포맛집', '#제주중문맛집', '#서귀포맛집추천', '#제주도맛집', '#중문맛집😁🤣😁⠀⠀⠀⠀😎😁⠀⠀😋⠀⠀⠀⠀⠀⠀⠀⠀⠀⠀⠀⠀⠀⠀⠀⠀⠀⠀⠀⠀⠀⠀⠀⠀⠀⠀⠀⠀⠀⠀⠀⠀⠀⠀⠀⠀⠀⠀⠀⠀⠀⠀⠀⠀⠀⠀⠀⠀⠀⠀⠀⠀⠀⠀⠀⠀⠀⠀⠀⠀⠀⠀⠀⠀⠀⠀⠀⠀⠀⠀⠀⠀⠀⠀⠀⠀⠀⠀⠀⠀⠀⠀⠀⠀⠀⠀⠀⠀⠀⠀⠀⠀⠀⠀⠀⠀⠀⠀⠀⠀']"
10,2021-08-19,0,,"['#서귀포맛집', '#서귀포흑돼지', '#서귀포고깃집', '#제주도고깃집', '#제주도흑돼지', '#서귀포흑돼지맛집', '#중문흑돼지맛집', '#올레시장맛집', '#제주서귀포맛집', '#제주중문맛집', '#서귀포맛집추천', '#제주도맛집', '#중문맛집⠀🤣😁😁⠀⠀🤣😍😁😋🤣😍⠀⠀⠀⠀⠀⠀⠀⠀⠀⠀⠀⠀⠀⠀⠀⠀⠀⠀⠀⠀⠀⠀⠀⠀⠀⠀⠀⠀⠀⠀⠀⠀⠀⠀⠀⠀⠀⠀⠀⠀⠀⠀⠀⠀⠀⠀⠀⠀⠀⠀⠀⠀⠀⠀⠀⠀⠀⠀⠀⠀⠀⠀⠀⠀⠀⠀⠀⠀⠀⠀⠀⠀⠀⠀⠀⠀⠀⠀⠀⠀⠀⠀⠀⠀⠀⠀⠀⠀⠀⠀⠀⠀⠀⠀⠀⠀⠀⠀⠀⠀⠀⠀⠀']"
11,2021-08-19,0,,"['#서귀포맛집', '#서귀포흑돼지', '#서귀포고깃집', '#제주도고깃집', '#제주도흑돼지', '#서귀포흑돼지맛집', '#중문흑돼지맛집', '#올레시장맛집', '#제주서귀포맛집', '#제주중문맛집', '#서귀포맛집추천', '#제주도맛집', '#중문맛집😍😍🤣😍⠀⠀⠀😋😁🤣⠀⠀🤣⠀⠀⠀⠀⠀⠀⠀⠀⠀⠀⠀⠀⠀⠀⠀⠀⠀⠀⠀⠀⠀⠀⠀⠀⠀⠀⠀⠀⠀⠀⠀⠀⠀⠀⠀⠀⠀⠀⠀⠀⠀⠀⠀⠀⠀⠀⠀⠀⠀⠀⠀⠀⠀⠀⠀⠀⠀⠀⠀⠀⠀⠀⠀⠀⠀⠀⠀⠀⠀⠀⠀⠀⠀⠀⠀⠀⠀⠀⠀⠀⠀⠀⠀⠀⠀⠀⠀⠀⠀⠀⠀⠀']"
12,2021-08-19,0,,"['#애월맛집', '#제주맛집', '#애월읍맛집', '#애월항맛집', '#제주애월점심', '#애월맛집추천', '#제주애월맛집', '#애월점심추천', '#애월밥집', '#제주현지인맛집', '#제주도민추천맛집', '#제주도현지인맛집', '#도민맛집', '#제주혼밥', '#제주시맛집', '#제주도맛집', '#금능맛집', '#한림맛집', '#협재맛집', '#협재해수욕장맛집', '#곽지해수욕장맛집', '#더럭분교맛집', '#애월해안도로', '#제주서쪽맛집', '#애월데이트코스', '#새별오름', '#애월카페']"
13,2021-08-19,0,,"['#제주도맛집', '#제주맛집', '#협재맛집', '#한림맛집', '#제주협재맛집', '#제주한림맛집', '#여행에미치다', '#제주도여행', '#제주흑돼지', '#제주흑돼지맛집', '#제주도민맛집', '#금능맛집', '#협재해수욕장', '#금능해수욕장', '#애월맛집', '#곽지해수욕장', '#새별오름', '#일상', '#소통', '#좋아요', '#데일리', '#맛집', '#먹스타그램', '#제주백정', '#선팔', '#맞팔', '#선팔하면맞팔']"
14,2021-08-19,0,,"['#협재맛집', '#애월가볼만한곳', '#협재가볼만한곳', '#한림가볼만한곳', '#협재맛집추천', '#한림맛집', '#애월맛집추천', '#한림맛집추천', '#애월밥집', '#협재밥집', '#한림밥집', '#협재데이트코스', '#한림데이트코스', '#협재해산물', '#협재전복', '#협재전복맛집', '#제주전복', '#제주도맛집', '#중문맛집⠀⠀⠀😋😎😁😁😁⠀😎🤣😍⠀⠀⠀⠀⠀⠀⠀⠀⠀⠀⠀⠀⠀⠀⠀⠀⠀⠀⠀⠀⠀⠀⠀⠀⠀⠀⠀⠀⠀⠀⠀⠀⠀⠀⠀⠀⠀⠀⠀⠀⠀⠀⠀⠀⠀⠀⠀⠀⠀⠀⠀⠀⠀⠀⠀⠀⠀⠀⠀⠀⠀⠀⠀⠀⠀⠀⠀⠀⠀⠀⠀⠀⠀⠀⠀⠀⠀⠀⠀⠀⠀⠀⠀⠀⠀⠀⠀⠀⠀⠀⠀⠀⠀⠀⠀⠀⠀⠀⠀⠀⠀⠀']"
15,2021-08-19,580,,"['#협재맛집', '#한림맛집', '#협재흑돼지맛집', '#제주협재흑돼지', '#한림흑돼지맛집', '#제주한림흑돼지', '#제주흑돼지맛집', '#제주흑돼지맛집추천', '#제주도흑돼지맛집', '#제주도흑돼지맛집추천', '#애월흑돼지', '#곽지해수욕장맛집', '#한림흑돼지', '#협재흑돼지', '#제주도맛집', '#중문맛집🤣😍😋😍😋⠀⠀⠀⠀⠀😁😎⠀⠀😍⠀⠀⠀⠀⠀⠀⠀⠀⠀⠀⠀⠀⠀⠀⠀⠀⠀⠀⠀⠀⠀⠀⠀⠀⠀⠀⠀⠀⠀⠀⠀⠀⠀⠀⠀⠀⠀⠀⠀⠀⠀⠀⠀⠀⠀⠀⠀⠀⠀⠀⠀⠀⠀⠀⠀⠀⠀⠀⠀⠀⠀⠀⠀⠀⠀⠀⠀⠀⠀⠀⠀⠀⠀⠀⠀⠀⠀⠀⠀⠀⠀⠀⠀⠀⠀⠀⠀⠀⠀⠀⠀⠀⠀⠀⠀⠀']"
16,2021-08-19,321,,"['#협재맛집', '#한림맛집', '#협재흑돼지맛집', '#제주협재흑돼지', '#한림흑돼지맛집', '#제주한림흑돼지', '#제주흑돼지맛집', '#제주흑돼지맛집추천', '#제주도흑돼지맛집', '#제주도흑돼지맛집추천', '#애월흑돼지', '#곽지해수욕장맛집', '#한림흑돼지', '#협재흑돼지', '#제주도맛집', '#중문맛집⠀⠀⠀😎⠀⠀⠀⠀🤣😎😁⠀⠀⠀⠀⠀⠀🤣⠀⠀⠀⠀⠀⠀⠀⠀⠀⠀⠀⠀⠀⠀⠀⠀⠀⠀⠀⠀⠀⠀⠀⠀⠀⠀⠀⠀⠀⠀⠀⠀⠀⠀⠀⠀⠀⠀⠀⠀⠀⠀⠀⠀⠀⠀⠀⠀⠀⠀⠀⠀⠀⠀⠀⠀⠀⠀⠀⠀⠀⠀⠀⠀⠀⠀⠀⠀⠀⠀⠀⠀⠀⠀⠀⠀⠀⠀⠀⠀⠀⠀⠀⠀⠀⠀⠀⠀⠀⠀⠀⠀']"
17,2021-08-19,0,,"['#제주도카페', '#함덕카페', '#애월맛집', '#제주도여행', '#서귀포맛집', '#월정', '#월정리', '#월정리콧수염', '#월정리카페콧수염', '#제주', '#제주도마카롱', '#공항근처맛집', '#제주카페', '#월정리카페', '#구좌읍카페', '#제주마카롱맛집', '#제주맛집', '#제주해안도로', '#성산맛집', '#제주도', '#서귀포카페', '#제주시카페', '#제주월정리카페', '#세화카페', '#월정리맛집', '#구좌읍', '#제주월정리', '#제주카페투어', '#제주도맛집', '#제주피크닉']"
18,2021-08-19,0,,"['#협재맛집', '#한림맛집', '#협재흑돼지맛집', '#제주협재흑돼지', '#한림흑돼지맛집', '#제주한림흑돼지', '#제주흑돼지맛집', '#제주흑돼지맛집추천', '#제주도흑돼지맛집', '#제주도흑돼지맛집추천', '#애월흑돼지', '#곽지해수욕장맛집', '#한림흑돼지', '#협재흑돼지', '#제주도맛집', '#중문맛집⠀⠀⠀⠀⠀😋⠀⠀⠀⠀⠀😎🤣🤣😋😎😎⠀⠀⠀⠀⠀⠀⠀⠀⠀⠀⠀⠀⠀⠀⠀⠀⠀⠀⠀⠀⠀⠀⠀⠀⠀⠀⠀⠀⠀⠀⠀⠀⠀⠀⠀⠀⠀⠀⠀⠀⠀⠀⠀⠀⠀⠀⠀⠀⠀⠀⠀⠀⠀⠀⠀⠀⠀⠀⠀⠀⠀⠀⠀⠀⠀⠀⠀⠀⠀⠀⠀⠀⠀⠀⠀⠀⠀⠀⠀⠀⠀⠀⠀⠀⠀⠀⠀⠀⠀⠀⠀⠀⠀⠀⠀⠀⠀⠀⠀⠀⠀⠀⠀']"
19,2021-08-19,0,,"['#돌문어스튜', '#흑돼지돈까스', '#리코타치즈샐러드', '#전복게우밥토마토의', '#마농', '#마농제주', '#제주마농', '#제주도맛집', '#제주공항근처맛집', '#제주여행맛집', '#신제주맛집', '#노형동맛집', '#노형맛집', '#도평동맛집', '#도평맛집', '#외도동맛집', '#외도맛집', '#제주레스토랑', '#신제주', '#제주레스토랑', '#제주도레스토랑', '#제주여행', '#예스키즈존', '#제주도민', '#제주', '#제주도', '#맛집스타그램', '#맛스타그램', '#분위기']"
20,2021-08-19,0,,"['#제주도맛집', '#제주도날씨', '#제주도항공권', '#제주도렌트카', '#제주애월맛집', '#제주도지도', '#제주공항근처맛집', '#제주맛집', '#제주도관광', '#제주도가볼만한곳', '#제주도숙소', '#제주도게스트하우스', '#제주성산맛집', '#제주시맛집', '#제주중문맛집', '#제주도맛집리스트', '#제주도맛집지도', '#제주도맛집추천', '#제주도', '#제주맛집추천', '#애월맛집', '#협재맛집', '#한림맛집', '#협재해수욕장', '#새별오름', '#금오름', '#해운대맛집', '#서귀포맛집', '#제주동문시장', '#오설록']"
21,2021-08-19,0,,"['#제주찐맛집', '#제주밥집', '#제주도한식', '#삼도동맛집', '#삼도동밥집', '#밥집', '#제주도민맛집', '#자매정식', '#제주자매정식', '#제주한식뷔페', '#제주도한식뷔페', '#한식뷔페', '#제주시맛집', '#제주시한식', '#제주한식', '#제주도한식', '#제주맛집', '#제주도맛집', '#제주여행', '#제주도여행']"
22,2021-08-19,1,,[]
23,2021-08-19,0,,[]
24,2021-08-19,0,,"['#애월맛집', '#제주맛집', '#애월읍맛집', '#애월항맛집', '#제주애월점심', '#애월맛집추천', '#제주애월맛집', '#애월점심추천', '#애월밥집', '#제주현지인맛집', '#제주도민추천맛집', '#제주도현지인맛집', '#도민맛집', '#제주혼밥', '#제주시맛집', '#제주도맛집', '#제주도민맛집', '#금능맛집', '#한림맛집', '#협재맛집', '#협재해수욕장맛집', '#곽지해수욕장맛집', '#더럭분교맛집', '#애월해안도로', '#제주서쪽맛집', '#애월데이트코스', '#새별오름', '#애월카페', '#제주데이트코스']"
25,2021-08-19,892,,"['#서귀포카페', '#서귀포가볼만한곳', '#서귀포카페추천', '#제주핫플레이스', '#서귀포맛집추천', '#서귀포신시가지맛집', '#서귀포숙소', '#제주디저트카페', '#제주오션뷰카페', '#한림카페⠀', '#제주도맛집', '#중문맛집⠀😁😁😋⠀⠀⠀⠀⠀😍⠀⠀🤣😁⠀⠀⠀⠀⠀⠀⠀⠀⠀⠀⠀⠀⠀⠀⠀⠀⠀⠀⠀⠀⠀⠀⠀⠀⠀⠀⠀⠀⠀⠀⠀⠀⠀⠀⠀⠀⠀⠀⠀⠀⠀⠀⠀⠀⠀⠀⠀⠀⠀⠀⠀⠀⠀⠀⠀⠀⠀⠀⠀⠀⠀⠀⠀⠀⠀⠀⠀⠀⠀⠀⠀⠀⠀⠀⠀⠀⠀⠀⠀⠀⠀⠀⠀⠀⠀⠀⠀⠀⠀⠀⠀⠀⠀⠀⠀⠀']"
26,2021-08-19,"1,382",,"['#서귀포카페', '#서귀포가볼만한곳', '#서귀포카페추천', '#제주핫플레이스', '#서귀포맛집추천', '#서귀포신시가지맛집', '#서귀포숙소', '#제주디저트카페', '#제주오션뷰카페', '#한림카페⠀', '#제주도맛집', '#중문맛집⠀😁⠀⠀⠀😋😋⠀⠀⠀⠀⠀😎⠀⠀😋⠀⠀⠀⠀⠀⠀⠀⠀⠀⠀⠀⠀⠀⠀⠀⠀⠀⠀⠀⠀⠀⠀⠀⠀⠀⠀⠀⠀⠀⠀⠀⠀⠀⠀⠀⠀⠀⠀⠀⠀⠀⠀⠀⠀⠀⠀⠀⠀⠀⠀⠀⠀⠀⠀⠀⠀⠀⠀⠀⠀⠀⠀⠀⠀⠀⠀⠀⠀⠀⠀⠀⠀⠀⠀⠀⠀⠀⠀⠀⠀⠀⠀⠀⠀⠀⠀⠀⠀⠀⠀⠀⠀⠀⠀⠀⠀⠀⠀⠀']"
27,2021-08-19,0,,"['#애월맛집', '#제주공항맛집', '#제주공항근처맛집', '#애월해안도로맛집', '#협재맛집', '#제주도맛집', '#애월읍맛집', '#제주맛집', '#외도맛집', '#애월카페', '#제주카페']"
28,2021-08-19,0,,"['#제주도횟집', '#제주횟집', '#서귀포횟집', '#회']"
29,2021-08-19,0,,"['#제주도펜션', '#제주펜션', '#함덕펜션', '#함덕해수욕장펜션', '#게으르게펜션', '#함덕해변펜션', '#조천펜션', '#서우봉', '#에코랜드', '#함덕숙박', '#조천숙박', '#제주도숙박', '#함덕독채펜션', '#제주도독채펜션', '#제주공항펜션', '#함덕해변', '#함덕해수욕장', '#함덕맛집', '#선팔하면맞팔가요', '#맞팔해요', '#제주도맛집']"
30,2021-08-19,0,,"['#애월맛집', '#제주맛집', '#애월읍맛집', '#애월항맛집', '#제주애월점심', '#애월맛집추천', '#제주애월맛집', '#애월점심추천', '#애월밥집', '#제주현지인맛집', '#제주도민추천맛집', '#제주도현지인맛집', '#도민맛집', '#제주혼밥', '#제주시맛집', '#제주도맛집', '#제주도민맛집', '#금능맛집', '#한림맛집', '#협재맛집', '#협재해수욕장맛집', '#곽지해수욕장맛집', '#더럭분교맛집', '#애월해안도로', '#제주서쪽맛집', '#애월데이트코스', '#새별오름', '#애월카페', '#제주데이트코스']"
31,2021-08-19,0,,"['#제주도맛집', '#제주도', '#제주도여행']"
32,2021-08-19,"1,246",,"['#서귀포맛집', '#서귀포맛집추천', '#서귀포흑돼지', '#올레시장맛집', '#서귀포신시가지맛집', '#서귀포고기집', '#서귀포흑돼지맛집', '#중문흑돼지맛집', '#제주중문맛집', '#서귀포맛집추천', '#서귀포가볼만한곳', '#서귀포술집', '#서귀포흑돼지⠀', '#제주도맛집', '#중문맛집⠀⠀⠀⠀⠀⠀🤣😎⠀⠀⠀😋😍😎⠀😍⠀⠀⠀⠀⠀⠀⠀⠀⠀⠀⠀⠀⠀⠀⠀⠀⠀⠀⠀⠀⠀⠀⠀⠀⠀⠀⠀⠀⠀⠀⠀⠀⠀⠀⠀⠀⠀⠀⠀⠀⠀⠀⠀⠀⠀⠀⠀⠀⠀⠀⠀⠀⠀⠀⠀⠀⠀⠀⠀⠀⠀⠀⠀⠀⠀⠀⠀⠀⠀⠀⠀⠀⠀⠀⠀⠀⠀⠀⠀⠀⠀⠀⠀⠀⠀⠀⠀⠀⠀⠀⠀⠀⠀⠀⠀']"
33,2021-08-19,"1,127",,"['#서귀포맛집', '#서귀포맛집추천', '#서귀포흑돼지', '#올레시장맛집', '#서귀포신시가지맛집', '#서귀포고기집', '#서귀포흑돼지맛집', '#중문흑돼지맛집', '#제주중문맛집', '#서귀포맛집추천', '#서귀포가볼만한곳', '#서귀포술집', '#서귀포흑돼지', '#제주도맛집', '#중문맛집😍😎😋⠀⠀⠀⠀🤣😍😍⠀⠀🤣⠀⠀⠀⠀⠀⠀⠀⠀⠀⠀⠀⠀⠀⠀⠀⠀⠀⠀⠀⠀⠀⠀⠀⠀⠀⠀⠀⠀⠀⠀⠀⠀⠀⠀⠀⠀⠀⠀⠀⠀⠀⠀⠀⠀⠀⠀⠀⠀⠀⠀⠀⠀⠀⠀⠀⠀⠀⠀⠀⠀⠀⠀⠀⠀⠀⠀⠀⠀⠀⠀⠀⠀⠀⠀⠀⠀⠀⠀⠀⠀⠀⠀⠀⠀⠀⠀⠀⠀⠀⠀⠀⠀⠀⠀⠀⠀⠀⠀']"
34,2021-08-19,316,,"['#서귀포맛집', '#서귀포맛집추천', '#서귀포흑돼지', '#올레시장맛집', '#서귀포신시가지맛집', '#서귀포고기집', '#서귀포흑돼지맛집', '#중문흑돼지맛집', '#제주중문맛집', '#서귀포맛집추천', '#서귀포가볼만한곳', '#서귀포술집', '#서귀포흑돼지⠀', '#제주도맛집', '#중문맛집🤣⠀⠀⠀⠀⠀⠀⠀⠀😁😁😋😁😎⠀⠀⠀⠀⠀⠀⠀⠀⠀⠀⠀⠀⠀⠀⠀⠀⠀⠀⠀⠀⠀⠀⠀⠀⠀⠀⠀⠀⠀⠀⠀⠀⠀⠀⠀⠀⠀⠀⠀⠀⠀⠀⠀⠀⠀⠀⠀⠀⠀⠀⠀⠀⠀⠀⠀⠀⠀⠀⠀⠀⠀⠀⠀⠀⠀⠀⠀⠀⠀⠀⠀⠀⠀⠀⠀⠀⠀⠀⠀⠀⠀⠀⠀⠀⠀⠀⠀⠀⠀⠀⠀⠀⠀⠀⠀⠀⠀⠀⠀⠀⠀⠀⠀⠀⠀⠀']"
35,2021-08-19,0,,"['#제주도', '#헬스', '#수영', '#trxgym', '#제주도헬스장', '#제주도수영장']"
36,2021-08-19,0,,[]
37,2021-08-19,0,,"['#찐맛집', '#미영이네', '#고등어회', '#고등어구이', '#고등어탕']"
38,2021-08-19,0,,"['#제주도', '#제주', '#제주도여행', '#제주여행', '#여행', '#제주도맛집', '#제주맛집', '#맛집', '#먹스타그램', '#셀카', '#셀스타그램', '#셀피', '#팔로우', '#좋아요', '#좋아요반사', '#좋반', '#소통', '#selfie', '#follow', '#followforfollowback', '#likeforlikes', '#likeforfollow']"
39,2021-08-19,850,,"['#제주공항맛집', '#제주공항근처맛집', '#공항근처맛집', '#제주공항흑돼지', '#월정리맛집', '#우도맛집', '#외도맛집', '#제주공항흑돼지맛집', '#제주공항근처흑돼지', '#제주공항가볼만한곳', '#제주흑돼지맛집', '#제주도흑돼지맛집', '#제주흑돼지맛집추천', '#제주도흑돼지맛집추천', '#제주도맛집', '#중문맛집😍⠀⠀😁😍😁😁⠀⠀⠀⠀⠀⠀😁⠀⠀⠀⠀⠀⠀⠀⠀⠀⠀⠀⠀⠀⠀⠀⠀⠀⠀⠀⠀⠀⠀⠀⠀⠀⠀⠀⠀⠀⠀⠀⠀⠀⠀⠀⠀⠀⠀⠀⠀⠀⠀⠀⠀⠀⠀⠀⠀⠀⠀⠀⠀⠀⠀⠀⠀⠀⠀⠀⠀⠀⠀⠀⠀⠀⠀⠀⠀⠀⠀⠀⠀⠀⠀⠀⠀⠀⠀⠀⠀⠀⠀⠀⠀⠀⠀⠀⠀⠀⠀⠀⠀⠀⠀']"
40,2021-08-19,936,,"['#제주공항맛집', '#제주공항근처맛집', '#공항근처맛집', '#제주공항흑돼지', '#월정리맛집', '#우도맛집', '#외도맛집', '#제주공항흑돼지맛집', '#제주공항근처흑돼지', '#제주공항가볼만한곳', '#제주흑돼지맛집', '#제주도흑돼지맛집', '#제주흑돼지맛집추천', '#제주도흑돼지맛집추천', '#제주도맛집', '#중문맛집😎😁🤣⠀⠀⠀⠀⠀⠀⠀⠀⠀😎😎😍⠀⠀⠀⠀⠀⠀⠀⠀⠀⠀⠀⠀⠀⠀⠀⠀⠀⠀⠀⠀⠀⠀⠀⠀⠀⠀⠀⠀⠀⠀⠀⠀⠀⠀⠀⠀⠀⠀⠀⠀⠀⠀⠀⠀⠀⠀⠀⠀⠀⠀⠀⠀⠀⠀⠀⠀⠀⠀⠀⠀⠀⠀⠀⠀⠀⠀⠀⠀⠀⠀⠀⠀⠀⠀⠀⠀⠀⠀⠀⠀⠀⠀⠀⠀⠀⠀⠀⠀⠀⠀⠀⠀⠀⠀⠀⠀⠀⠀⠀⠀⠀⠀']"
41,2021-08-19,0,,"['#로드129', '#애월맛집', '#애월밥집', '#애월해안도로', '#애월핫플', '#제주맛집', '#애월맛집추천', '#애월항맛집', '#곽지맛집', '#한담맛집', '#제주공항맛집', '#제주여행', '#제주도여행', '#제주애월맛집', '#아이와제주갈만한곳', '#애월맛집인정', '#애월맛집추천', '#송악산', '#제주도맛집', '#제주도애월', '#애월카페', '#애월가볼만한곳', '#협재맛집', '#제주핫플레이스']"
42,2021-08-19,0,,"['#청치마', '#블랙치마', '#스커트코디', '#여름남방', '#린넨남방', '#린넨블라우스', '#청바지코디', '#여친룩', '#데이트코디', '#호캉스', '#대구동성로', '#이태원', '#해운대코디', '#여행코디', '#제주도여행', '#제주도맛집', '#광안리맛집', '#상무지구맛집', '#강릉맛집']"
43,2021-08-19,0,,"['#애월맛집', '#제주맛집', '#애월읍맛집', '#애월항맛집', '#제주애월점심', '#애월맛집추천', '#제주애월맛집', '#애월점심추천', '#애월밥집', '#제주현지인맛집', '#제주도민추천맛집', '#제주도현지인맛집', '#도민맛집', '#제주혼밥', '#제주시맛집', '#제주도맛집', '#제주도민맛집', '#금능맛집', '#한림맛집', '#협재맛집', '#협재해수욕장맛집', '#곽지해수욕장맛집', '#더럭분교맛집', '#애월해안도로', '#제주서쪽맛집', '#애월데이트코스', '#새별오름', '#애월카페', '#제주데이트코스']"
44,2021-08-19,0,,"['#제주동백을담다', '#동백을담다', '#제주도몸국', '#제주도몸국맛집', '#제주고사리육개장', '#고사리육개장', '#고사리육개장맛집', '#육개장맛집', '#제주향토음식점', '#제주아라동맛집', '#아라동맛집', '#구산로맛집', '#제주여자중학교맛집', '#제주시맛집', '#구제주맛집', '#제주도맛집', '#제주맛집', '#제주여행', '#제주도여행', '#제주도', '#제주', '#JEJU', '#먹스타그램', '#먹팔', '#좋아요반사', '#좋반', '#선팔', '#제주몸국', '#제주여행']"
45,2021-08-19,0,,"['#신혼부부여름휴가', '#제주여행', '#청년미남들']"
46,2021-08-19,0,,"['#주말', '#강원도', '#테러', '#드라마', '#송정', '#얼스타그램', '#유머스타그램', '#핵잼', '#반려묘', '#홍대', '#좋아요반사', '#2박3일', '#멍뭉이', '#사진스타그램', '#강아지', '#아이폰', '#웃긴', '#소통해요', '#국내여행', '#취미', '#스타일', '#여행일기', '#소통스타그램', '#드라이브', '#퇴근', '#애완', '#해외여행', '#헬스타그램', '#제주도맛집', '#해운대맛집']"
47,2021-08-19,0,,"['#제주도맛집꺼멍연탄구이', '#제주도맛집', '#신화월드맛집', '#오설록맛집', '#카멜리아힐맛집', '#한경면맛집', '#제주도흑돼지맛집', '#송악산맛집', '#산방산맛집', '#오설록티뮤지엄', '#제주신화월드메리어트', '#제주신화월드', '#제주도현지인맛집', '#제주현지인맛집', '#제주도가볼만한곳', '#제주도여행', '#저지리맛집']"
48,2021-08-19,0,,"['#로드129', '#곽지해수욕장', '#제주도', '#제주여행', '#제주도돈까스', '#금오름', '#road129', '#오설록', '#카멜리아힐맛집', '#애월해안도로', '#제주맛집', '#협재해수욕장', '#제주공항맛집', '#서귀포맛집', '#산방산맛집', '#제주도맛집', '#제주도여행', '#애월맛집', '#곽지맛집', '#협재맛집', '#애월', '#이호테우해변', '#제주도가볼만한곳']"
49,2021-08-19,0,,['#이올라니']
